{
    "loss": 1.4147309064865112,
    "accuracy": 0.8328047394752502
}