{
    "loss": 2.888610601425171,
    "accuracy": 0.7349342703819275
}